Temperatura,HumedadRelativa,PresionAtmosferica,HumedadSuelo,HeladaSuelo
5.835,65.425,969.922,52.944,0
15.77,84.437,987.974,59.785,0
10.952,57.031,1022.763,61.347,0
10.426,58.327,968.642,32.166,0
-5.374,87.192,971.604,80.191,1
16.115,62.629,962.345,36.976,0
6.345,89.873,954.961,57.652,0
11.506,77.06,1035.394,61.76,0
12.35,43.289,1025.645,47.851,0
-4.35,93.232,998.885,69.273,1
12.918,75.107,1046.627,70.609,0
-1.739,87.356,1035.439,87.935,1
9.027,66.388,998.905,71.104,0
17.182,59.666,962.907,37.808,0
11.419,50.669,1019.172,38.987,0
16.653,47.242,956.379,71.791,0
-1.659,86.777,952.364,55.612,1
7.92,65.08,1032.957,64.544,0
8.319,81.998,984.7,32.205,0
-2.39,95.655,1016.949,96.427,1
8.501,39.868,964.12,48.413,0
-1.17,70.925,1006.702,79.451,1
-0.506,77.017,1043.06,76.823,1
8.394,44.779,965.988,69.369,0
-0.287,87.11,1008.017,79.735,1
-0.098,89.726,1011.033,82.774,1
-3.262,75.778,974.871,84.241,1
14.407,48.27,996.036,60.64,0
14.465,79.131,980.449,34.873,0
19.557,62.176,1008.207,80.633,0
-6.344,87.892,1002.096,86.729,1
-5.693,72.049,952.997,70.806,1
4.35,61.893,983.882,53.646,0
-6.148,90.726,958.479,84.621,1
-1.926,83.231,970.851,76.248,1
-1.825,94.24,1010.345,89.531,1
19.936,44.091,965.314,69.214,0
6.813,58.838,1030.094,60.552,0
14.468,63.972,978.277,48.784,0
0.927,80.79,1037.342,69.723,1
-0.128,80.798,967.53,87.408,1
-1.112,82.301,966.976,67.657,1
0.476,99.47,973.371,64.462,1
8.809,64.831,979.786,62.421,0
-0.111,85.298,1007.839,67.793,1
-3.801,82.525,1036.28,78.968,1
15.917,38.461,966.802,40.139,0
16.942,61.172,1041.083,25.53,0
-2.167,79.359,1038.66,93.213,1
8.21,60.704,987.699,32.698,0
6.41,61.179,1009.647,62.21,0
1.241,41.132,958.671,56.518,0
-2.179,86.22,991.103,79.907,1
12.043,49.365,1010.095,25.749,0
-6.274,90.706,956.035,88.95,1
-3.805,91.386,968.212,58.482,1
11.648,58.517,1041.649,35.749,0
-3.39,87.705,1021.409,76.809,1
-7.602,70.0,1039.803,71.829,1
3.534,48.302,1025.778,37.669,0
0.699,84.604,962.839,65.561,1
1.093,88.376,1036.703,78.715,1
14.757,43.618,1045.565,71.629,0
5.0,100.0,989.882,90.702,1
10.706,36.345,962.325,62.342,0
12.717,77.304,1047.541,60.079,0
9.066,54.185,1004.57,34.308,0
-4.535,66.672,964.796,50.047,0
-0.916,85.184,1021.582,93.925,1
8.167,72.521,1045.363,42.314,0
-1.476,72.553,1023.64,78.904,1
-4.584,78.18,1001.841,84.626,1
5.317,55.803,952.535,72.229,0
12.246,90.0,1042.26,21.289,0
-3.768,87.716,992.82,78.606,1
-3.868,70.0,963.644,76.839,1
1.803,40.675,989.505,50.393,0
-1.409,79.231,1015.033,84.419,1
5.452,44.64,1018.387,37.966,0
-3.775,80.213,985.5,68.612,1
8.706,39.949,970.598,51.467,0
-2.216,70.0,1012.297,68.064,1
-0.614,70.0,966.801,78.626,1
1.011,74.919,1013.156,89.192,1
-1.028,85.823,983.3,68.106,1
8.783,80.994,1044.778,49.751,0
2.193,66.966,996.772,49.692,0
0.461,77.71,1003.535,91.328,0
8.967,57.595,1030.517,49.789,0
0.375,79.771,1045.763,69.978,1
-8.372,80.106,967.352,77.66,1
0.865,88.521,975.981,70.461,1
14.577,86.418,978.418,58.187,0
-3.456,81.364,969.578,61.064,1
18.159,62.911,1000.491,64.232,0
2.886,74.788,1002.704,87.442,1
3.142,52.028,1000.237,21.33,0
-3.589,93.303,1015.674,93.103,1
-5.589,81.74,1009.235,84.272,1
8.496,57.314,1041.28,24.672,0
7.932,60.678,969.649,60.964,0
2.426,79.445,1032.607,95.49,1
16.853,35.43,1000.464,65.727,0
1.801,89.933,1031.919,74.759,1
13.725,58.842,994.485,48.07,0
14.346,66.998,1034.847,51.219,0
11.478,70.591,1027.523,55.344,0
13.86,57.277,1004.972,50.218,0
-2.736,70.0,1049.941,74.043,1
16.394,47.446,1010.821,51.041,0
19.163,54.578,1019.125,56.327,0
0.651,53.772,1042.464,48.14,0
5.635,52.536,1039.114,33.177,0
18.247,90.0,978.521,38.423,0
0.746,80.406,1046.941,76.92,1
-2.808,70.52,1031.397,100.0,1
-2.67,72.779,1031.783,85.936,1
13.327,63.386,966.618,66.828,0
8.606,62.942,1014.553,33.618,0
-0.929,74.189,1019.244,80.005,1
14.877,77.876,983.217,48.15,0
2.106,70.0,962.138,86.045,1
9.224,54.65,1020.66,35.323,0
-4.781,79.244,1011.098,80.002,1
-1.441,94.827,977.262,66.912,1
4.513,84.427,1043.806,56.38,0
16.145,61.966,996.904,59.351,0
0.009,74.299,1023.361,87.906,1
8.126,47.615,1048.465,68.45,0
9.717,49.565,992.171,96.153,0
7.501,51.541,979.798,50.533,0
12.215,64.002,1039.925,69.391,0
-5.743,77.968,973.687,71.329,1
10.15,55.1,952.185,46.927,0
14.071,66.247,966.757,69.653,0
0.794,80.881,1007.868,61.182,1
0.373,77.095,953.934,64.291,1
0.277,96.033,1021.812,78.555,1
-1.667,70.0,965.954,81.468,1
-2.107,88.269,967.968,82.887,1
-6.436,70.0,975.768,87.082,1
-3.96,77.446,975.656,85.055,1
2.263,59.085,1035.793,44.002,0
-0.014,71.647,1014.197,78.657,1
12.578,58.744,1020.081,54.636,0
10.926,75.978,982.622,58.473,0
15.209,45.399,1026.66,64.907,0
-5.601,90.177,1020.905,88.071,1
12.253,39.756,981.804,41.458,0
-0.215,99.093,1016.184,86.384,1
14.927,76.52,993.369,55.355,0
-5.574,86.981,953.039,86.216,1
15.864,72.349,972.748,49.669,0
-7.276,84.342,956.229,82.659,1
16.248,76.047,986.825,61.003,0
-4.099,86.965,960.974,78.109,1
-2.607,76.054,1001.906,79.242,1
11.444,59.037,1039.74,46.209,0
-3.438,87.898,1040.07,92.657,1
5.271,75.442,963.37,54.903,0
-0.604,77.858,974.08,47.634,0
6.081,90.0,953.671,38.619,0
17.363,73.336,1024.163,51.677,0
6.98,68.606,1030.51,65.107,0
8.154,68.262,996.856,58.151,0
5.255,30.0,1046.727,29.525,0
0.439,85.283,1022.434,74.495,1
10.529,40.731,1010.025,60.829,0
1.916,95.318,1038.008,83.764,1
-2.653,83.131,956.761,86.705,1
2.598,70.0,980.552,71.715,1
1.359,92.604,981.541,91.925,1
-7.756,91.544,1034.417,77.412,1
16.777,67.073,955.018,43.642,0
-3.94,100.0,996.148,73.243,1
-0.795,100.0,994.72,63.568,1
-6.558,75.506,1045.14,73.053,1
0.324,92.003,971.204,91.21,1
0.244,78.594,994.908,31.332,0
4.717,75.353,994.673,33.708,0
2.569,74.984,965.017,62.742,1
14.661,76.332,1045.713,57.783,0
-1.45,87.238,1030.593,91.401,1
18.694,90.0,1004.456,45.837,0
9.812,50.486,1026.635,53.171,0
-2.966,85.733,1016.686,82.392,1
-5.008,79.293,980.313,80.509,1
-3.204,81.123,1001.568,96.615,1
13.897,42.005,1047.903,50.132,0
12.234,83.917,1002.866,45.807,0
3.598,71.898,1029.78,52.33,0
11.257,71.02,974.974,59.057,0
13.202,62.115,995.035,53.159,0
-5.429,83.151,1016.821,85.131,1
-0.046,88.991,1026.488,72.551,1
-1.639,91.455,993.951,81.897,1
-1.773,74.959,959.668,54.377,1
-0.455,70.0,988.02,83.514,1
11.437,53.934,1005.399,39.508,0
-1.725,70.214,974.723,93.043,1
-2.875,75.957,983.69,71.088,1
14.226,46.439,965.577,46.195,0
16.362,30.0,1014.846,53.743,0
4.161,78.45,969.202,39.005,0
12.456,30.327,1046.369,42.552,0
6.966,63.189,988.681,40.375,0
-0.762,86.064,1015.123,92.619,1
5.238,57.894,994.457,52.889,0
-0.383,82.189,1023.743,73.224,1
4.191,60.51,955.622,34.037,0
2.069,80.919,971.066,97.753,1
1.921,100.0,1020.468,77.14,1
4.11,40.263,985.48,49.266,0
3.953,65.937,1011.036,33.199,0
7.668,50.788,1017.376,2.444,0
-4.692,75.813,1003.583,70.057,1
16.03,52.835,979.191,54.364,0
-0.785,70.933,998.355,100.0,1
6.912,75.861,987.72,51.737,0
5.24,67.672,1027.68,33.571,0
-1.648,81.908,982.337,83.005,1
16.001,67.541,1006.442,46.059,0
10.23,59.834,1028.005,66.066,0
-7.289,78.96,992.549,83.615,1
4.482,62.68,970.48,35.908,0
-0.057,71.014,1013.643,83.192,1
1.481,73.707,985.233,50.838,0
-1.067,78.769,962.771,81.019,1
7.952,68.0,1014.278,27.919,0
9.756,36.766,1004.705,44.823,0
-3.413,86.665,1003.996,84.385,1
5.691,57.745,953.936,61.155,0
-4.867,89.255,993.76,83.197,1
12.419,34.69,973.748,74.245,0
-5.173,72.89,999.82,70.128,1
3.557,70.0,1028.97,72.808,1
-1.351,75.216,980.729,59.961,1
0.71,37.888,1032.646,58.077,0
-1.358,74.189,988.856,72.271,1
-4.031,77.322,995.037,78.09,1
2.569,90.63,1020.648,93.405,1
-6.133,70.0,1001.908,88.004,1
10.919,65.078,951.323,47.176,0
11.55,40.597,976.241,42.168,0
1.833,87.221,972.666,86.222,1
-2.223,99.96,997.463,76.3,1
-5.55,79.448,1000.942,75.633,1
-2.897,92.709,999.228,62.515,1
-4.425,86.819,966.352,68.943,1
-2.455,93.339,1009.448,80.887,1
2.434,91.328,985.923,69.09,1
10.671,41.573,1022.046,65.704,0
19.09,64.304,956.195,47.877,0
14.892,43.207,1026.532,40.165,0
-2.344,97.065,986.753,57.881,1
4.277,81.372,1023.065,86.032,1
1.119,75.921,1031.962,33.802,0
11.111,46.255,989.376,46.684,0
14.502,66.361,979.993,48.278,0
-2.702,80.129,1043.621,81.15,1
-4.161,66.366,962.13,49.139,0
-2.663,99.401,1034.436,95.112,1
-1.217,75.212,1001.977,74.075,1
2.897,84.65,1028.053,73.419,1
-2.866,89.714,986.014,82.44,1
4.807,62.24,970.91,64.74,0
9.071,61.069,1034.399,52.204,0
-4.519,100.0,958.092,71.891,1
13.343,63.117,1041.921,28.322,0
-3.798,79.691,990.298,67.424,1
-2.024,87.084,1013.667,86.794,1
1.428,89.81,1003.117,78.927,1
4.016,90.0,988.722,72.931,0
-5.783,75.768,1030.599,83.924,1
7.252,59.995,978.897,17.426,0
-0.372,76.69,1037.097,72.48,1
-4.652,88.261,972.727,73.733,1
11.915,62.086,998.386,34.173,0
-0.929,80.847,1001.482,91.267,1
13.464,73.56,960.616,52.233,0
7.077,87.108,1038.368,35.885,0
4.414,41.657,993.79,49.455,0
0.557,95.144,962.189,81.838,1
-2.624,89.296,1019.514,86.158,1
1.407,84.033,1003.36,71.181,1
19.438,60.768,971.175,40.24,0
-4.482,91.329,1043.696,94.899,1
-5.178,87.433,998.134,87.308,1
-5.233,88.476,960.142,70.601,1
15.037,53.132,995.689,49.131,0
4.646,30.0,1021.726,18.429,0
0.165,88.806,954.515,52.864,0
3.519,56.825,1013.491,45.512,0
-2.337,84.103,995.438,78.725,1
-2.326,100.0,989.698,78.967,1
-3.592,84.598,965.005,67.476,1
13.787,85.548,991.073,30.887,0
1.175,100.0,1019.216,75.3,1
0.302,76.36,1004.13,86.713,1
-4.143,85.592,1011.785,76.084,1
9.69,51.161,977.399,19.701,0
-0.848,72.197,994.978,94.196,1
-6.819,75.33,975.467,74.958,1
-2.747,86.33,1048.368,76.869,1
2.428,74.376,1011.419,41.572,0
10.947,58.169,1036.437,55.972,0
0.925,84.653,1025.616,100.0,1
4.489,33.092,979.99,29.109,0
4.749,74.934,1020.11,60.992,0
11.103,61.157,1013.565,31.695,0
-1.191,90.0,1010.981,60.776,0
12.41,59.191,981.031,46.761,0
5.567,62.666,1032.4,59.399,0
8.939,51.97,958.813,68.037,0
-3.542,84.544,991.615,67.888,1
-0.488,99.438,963.711,86.863,1
-4.146,79.602,998.587,88.295,1
0.573,78.626,1028.203,67.609,1
7.082,66.522,975.89,19.245,0
0.862,79.551,1010.791,78.369,1
-7.963,96.438,1037.075,63.375,1
-0.434,82.691,1036.814,100.0,1
0.242,85.961,958.566,75.468,1
13.428,51.748,996.504,51.895,0
7.353,77.919,1001.801,42.058,0
7.935,79.154,1032.125,32.346,0
-1.265,73.773,1049.248,87.154,1
-6.267,73.416,1040.176,75.128,1
3.791,59.279,993.035,54.373,0
-0.579,80.731,1036.792,75.279,1
22.058,36.036,997.344,50.291,0
1.296,80.603,1030.036,69.281,1
15.413,67.504,1016.693,48.28,0
19.243,57.795,972.698,42.963,0
-0.51,94.262,966.748,76.908,1
0.046,87.671,1003.296,71.303,1
10.36,67.443,1036.965,49.637,0
8.63,68.611,989.222,7.437,0
16.643,62.407,992.551,51.242,0
11.969,76.828,1029.644,74.526,0
-1.066,70.0,1045.533,69.289,1
-3.35,86.911,1046.582,64.019,1
-2.231,81.573,1037.075,90.561,1
4.571,79.888,1000.723,100.0,1
1.538,98.822,967.484,78.1,1
4.182,95.736,955.778,94.841,1
21.094,67.542,1048.126,36.69,0
19.148,57.724,1048.295,18.712,0
-1.709,85.716,1027.347,74.378,1
5.061,68.741,1016.134,47.877,0
-4.571,73.709,1026.229,78.487,1
-4.945,91.218,1008.661,88.509,1
12.611,54.097,1042.94,46.464,0
-3.935,81.485,963.157,73.294,1
-3.479,87.077,990.432,92.039,1
-1.794,100.0,1045.181,73.792,1
-4.487,94.383,977.416,74.919,1
-0.064,96.95,964.225,67.496,1
1.474,100.0,1006.23,80.409,1
-1.22,82.543,1046.991,67.705,1
0.915,77.999,973.918,79.993,1
5.807,52.112,986.25,46.271,0
2.65,70.0,1001.56,87.479,1
-2.188,82.588,951.919,80.143,1
0.89,77.872,989.386,62.27,1
-3.802,87.597,1047.587,77.315,1
8.022,40.512,1024.066,47.875,0
-5.737,91.159,994.869,84.071,1
0.851,90.907,963.252,71.649,1
12.367,58.144,980.969,58.811,0
-4.261,95.915,954.821,93.744,1
13.011,56.798,984.0,61.739,0
-1.318,81.642,980.793,54.697,1
-0.977,81.286,1028.239,82.232,1
2.738,79.076,955.197,78.399,1
6.709,87.866,1016.669,46.284,0
5.0,70.0,1028.69,86.802,1
2.694,82.809,973.754,82.603,1
13.564,51.424,1036.953,32.031,0
12.899,56.588,1036.507,57.13,0
-3.985,100.0,991.355,50.0,1
0.345,82.273,959.39,84.967,1
11.17,47.769,953.646,39.695,0
4.432,95.292,981.131,80.599,1
4.944,88.078,1014.747,80.012,1
12.256,60.592,997.431,58.502,0
6.15,55.048,962.25,41.054,0
-5.187,83.42,1013.912,78.319,1
15.851,32.533,959.669,45.422,0
11.587,63.492,998.502,67.496,0
0.142,92.13,962.021,50.596,1
-1.486,73.703,1018.023,94.109,1
13.662,54.58,956.844,32.254,0
-1.227,70.0,1016.38,79.116,1
9.845,34.76,984.293,53.691,0
-4.518,80.124,993.862,74.513,1
-0.131,85.464,993.25,84.622,1
-8.202,91.502,986.776,61.335,1
11.121,43.839,1015.831,61.97,0
14.382,42.416,963.443,74.114,0
-3.633,77.367,974.71,75.169,1
0.273,100.0,998.824,79.879,1
18.521,67.128,991.352,37.417,0
11.844,45.265,1000.335,64.062,0
2.414,66.54,982.784,28.346,0
11.32,55.467,984.164,35.084,0
18.336,64.215,989.998,60.671,0
-0.761,94.843,1042.718,80.225,1
-3.155,83.443,987.104,81.086,1
5.367,65.07,1004.463,77.308,0
11.749,63.249,1026.944,65.323,0
6.137,52.131,972.833,18.51,0
10.092,76.115,992.915,88.235,0
-2.758,96.493,985.342,88.251,1
15.353,60.01,1013.077,74.143,0
11.289,72.233,968.182,54.186,0
0.897,53.182,1047.728,46.461,0
15.244,77.921,1005.922,34.589,0
9.523,76.512,1040.92,43.105,0
-4.82,78.081,951.103,88.926,1
-4.724,85.993,995.232,61.969,1
5.698,50.59,1013.532,45.416,0
-1.39,84.523,1034.087,79.185,1
16.09,51.093,985.596,19.74,0
0.153,70.0,1011.522,77.53,1
-1.962,88.345,999.696,82.307,1
-3.555,100.0,1009.295,75.892,1
-2.557,100.0,992.172,71.338,1
10.459,33.36,1040.955,64.329,0
1.489,91.324,1012.386,82.626,1
-7.856,95.808,989.091,92.361,1
-0.442,87.029,1005.38,63.991,1
-2.057,99.205,953.616,81.648,1
-2.321,88.427,951.212,99.764,1
-1.791,84.256,971.674,82.654,1
-1.274,82.611,983.945,90.76,1
-5.213,79.755,1029.781,78.051,1
-1.707,91.585,1049.216,67.398,1
10.79,68.856,1041.323,68.797,0
7.879,68.546,969.546,59.981,0
-6.838,92.433,1042.703,89.376,1
15.899,66.873,988.212,46.615,0
5.595,61.552,1035.786,57.486,0
8.038,64.391,955.126,45.447,0
5.378,36.814,954.31,45.355,0
12.674,66.007,970.409,50.683,0
16.479,52.017,984.213,58.67,0
-1.961,73.894,1037.852,85.211,1
13.887,41.173,1024.861,64.368,0
4.469,42.425,1039.796,56.222,0
12.292,42.071,968.016,82.324,0
11.566,90.0,1006.542,39.077,0
3.494,96.693,1026.481,80.068,1
-4.462,79.566,1015.889,79.486,1
3.296,78.885,1046.293,90.602,1
6.406,50.89,1046.155,58.66,0
13.041,73.085,1043.539,29.161,0
18.737,90.0,1021.513,60.522,0
-4.302,100.0,1037.797,82.465,1
-6.602,87.494,1011.959,73.585,1
-9.859,93.294,1047.14,78.657,1
5.0,73.745,1036.827,77.045,1
-3.738,76.589,964.716,37.157,0
6.334,62.677,1037.775,68.815,0
-4.695,93.205,1042.276,63.923,1
-2.484,89.134,966.704,85.463,1
-2.577,100.0,970.584,86.97,1
-1.653,86.866,995.98,67.067,1
6.822,66.742,989.332,52.371,0
-5.106,89.568,974.12,64.358,1
-0.457,100.0,960.566,73.38,1
-4.106,89.79,1046.982,63.166,1
1.717,90.0,965.174,43.644,0
-0.46,76.439,982.519,93.957,1
-4.476,100.0,1016.491,79.807,1
5.419,33.434,1048.371,47.922,0
14.151,80.283,955.846,60.248,0
13.607,58.405,991.933,45.049,0
-0.653,47.958,980.768,35.56,0
9.063,49.076,955.574,42.93,0
18.623,82.337,1004.668,41.354,0
-3.176,95.375,973.605,89.649,1
-3.397,84.498,1030.173,72.04,1
-7.139,83.329,989.866,78.196,1
0.362,90.0,1023.947,69.675,0
-2.903,99.416,953.065,80.188,1
-2.347,90.298,957.22,79.014,1
-0.115,82.182,1019.0,74.868,1
3.69,100.0,1015.785,73.462,1
-2.571,91.408,1018.023,70.188,1
7.705,65.6,994.583,38.903,0
12.288,75.405,958.058,74.98,0
7.067,73.191,993.625,51.268,0
-6.246,92.57,993.089,71.904,1
-4.895,79.411,980.328,88.823,1
-2.794,94.357,982.703,85.556,1
-5.913,100.0,1032.754,73.154,1
2.653,91.079,1028.076,87.198,1
3.813,60.108,970.353,58.809,0
9.517,57.868,988.797,61.849,0
11.763,53.823,950.094,66.559,0
2.361,100.0,990.414,86.452,1
-3.408,91.487,1000.257,76.426,1
0.584,64.989,968.066,63.306,0
8.757,44.006,955.274,29.742,0
12.207,30.0,991.716,31.458,0
0.439,58.629,1016.331,41.979,0
-3.577,95.442,1019.495,84.664,1
1.657,64.825,1036.296,34.521,0
10.852,47.814,1001.931,47.242,0
-4.123,86.848,1038.421,81.524,1
9.738,76.558,987.736,60.295,0
-2.441,87.342,984.757,87.846,1
-3.687,92.554,1039.482,79.393,1
-5.018,80.545,996.521,74.559,1
13.573,80.647,993.772,63.853,0
0.059,71.518,974.348,86.592,1
5.0,97.716,1016.759,80.896,1
13.232,51.706,998.523,45.93,0
-1.797,78.374,958.163,64.188,1
-2.056,76.676,976.311,81.733,1
12.333,58.085,998.26,38.137,0
6.439,63.191,972.579,17.131,0
-4.467,84.505,989.932,68.192,1
-8.118,100.0,1049.67,79.339,1
18.13,57.765,960.868,75.893,0
18.277,73.42,1001.474,44.401,0
1.161,70.915,1036.333,84.319,1
9.122,72.611,1024.391,35.107,0
-2.983,88.337,995.379,71.941,1
11.084,45.529,964.602,66.441,0
-0.915,70.0,1023.311,90.006,1
7.75,56.663,1045.206,64.27,0
4.399,90.598,973.195,89.654,1
9.554,68.947,1008.172,30.921,0
2.507,89.4,980.625,76.417,1
-1.303,73.935,1018.325,80.98,1
0.466,70.0,968.098,88.108,1
2.403,48.067,1022.608,57.605,0
-0.9,70.0,1026.93,60.299,1
-4.54,92.11,982.459,79.813,1
-6.308,79.375,959.554,88.744,1
-8.075,87.56,1021.615,93.607,1
-5.245,93.774,1013.72,80.342,1
-5.506,92.258,955.709,83.696,1
9.805,30.0,992.074,46.435,0
8.202,42.7,966.881,49.911,0
8.584,61.671,998.563,49.852,0
6.661,45.532,1019.005,45.752,0
-4.972,75.104,954.157,86.381,1
-2.104,86.094,976.975,91.731,1
2.101,78.474,989.448,81.989,1
10.999,80.795,1007.356,55.763,0
-2.928,80.674,1022.526,80.928,1
5.517,53.533,954.033,66.836,0
8.138,73.997,1044.769,54.302,0
-4.319,100.0,1035.142,73.836,1
-3.32,78.73,1032.261,66.541,1
-3.382,90.771,1036.827,89.531,1
-2.64,79.69,1025.527,74.264,1
-0.844,81.905,987.325,66.204,1
17.517,51.742,1010.59,54.338,0
7.582,39.407,959.958,59.668,0
7.943,45.515,966.626,38.915,0
-5.073,84.039,1040.002,81.552,1
-2.267,84.008,991.413,90.075,1
6.957,88.459,1020.728,45.724,0
-2.063,80.655,969.187,83.267,1
-1.269,91.748,965.242,91.143,1
13.193,78.793,1047.185,82.776,0
-1.109,91.962,967.715,64.97,1
-0.239,100.0,981.616,97.325,1
11.012,64.812,969.496,63.061,0
-1.028,85.866,984.593,68.563,1
-2.48,96.89,1020.874,65.325,1
17.616,30.0,955.739,96.694,0
-6.822,82.404,970.185,91.01,1
-2.825,86.281,1023.736,88.869,1
1.713,76.831,956.817,95.334,1
11.792,53.954,1038.09,47.027,0
-1.709,79.827,1049.414,70.994,1
-6.237,92.514,1014.358,64.159,1
16.397,77.197,959.949,64.517,0
13.876,47.521,1007.681,42.863,0
5.681,78.888,986.68,39.779,0
-2.427,92.463,1000.614,66.368,1
2.974,63.87,958.745,57.339,0
7.919,70.231,1025.982,48.759,0
-5.985,95.063,1047.479,81.687,1
0.482,77.222,1023.845,82.856,1
-3.004,77.743,960.688,70.265,1
11.945,70.393,1004.641,60.064,0
17.605,51.591,971.603,50.51,0
13.051,64.963,968.578,49.06,0
12.161,47.835,968.404,30.642,0
-1.121,100.0,999.717,83.081,1
-0.235,89.592,999.677,81.973,1
8.075,72.925,950.605,57.204,0
7.434,57.516,964.851,7.515,0
10.172,44.23,1009.172,37.941,0
-1.057,75.224,1031.73,64.863,1
-3.699,83.742,964.834,85.008,1
-4.455,100.0,1005.778,76.714,1
-3.453,100.0,1010.161,75.907,1
9.047,83.829,1024.896,42.673,0
13.016,51.211,1005.769,60.736,0
-3.34,81.39,989.617,91.241,1
-1.095,86.292,961.192,76.662,1
7.151,62.932,966.623,38.058,0
13.841,58.89,1042.606,60.392,0
-0.123,92.217,1030.785,78.027,1
-3.681,79.84,957.942,78.522,1
-0.25,64.697,977.675,34.241,0
11.671,57.253,966.55,24.64,0
7.644,51.996,993.54,53.964,0
9.657,58.787,1033.91,54.425,0
19.706,60.264,983.273,47.2,0
4.98,44.614,1043.48,63.784,0
8.922,75.027,967.916,31.751,0
-4.16,77.031,996.262,82.332,1
0.6,55.274,993.453,16.694,0
-0.579,84.759,1007.061,76.568,1
4.894,65.551,963.129,54.579,0
-4.447,70.0,990.691,100.0,1
-5.038,90.009,1004.759,72.916,1
1.071,45.817,1035.965,35.232,0
-0.969,88.711,1024.271,73.876,1
6.439,90.0,980.49,24.616,0
5.766,67.453,953.84,73.975,0
23.465,45.931,1001.178,67.897,0
10.924,54.441,988.605,47.211,0
-2.384,92.858,1018.813,62.214,1
-5.713,91.106,1004.67,89.262,1
12.783,52.473,954.15,18.645,0
6.527,64.686,1031.666,29.981,0
1.267,83.16,1043.444,72.373,1
-5.453,70.0,1037.178,96.122,1
10.062,49.28,1019.717,84.156,0
-6.14,92.084,992.608,78.188,1
3.725,57.61,997.511,38.973,0
0.07,78.872,1010.059,78.241,1
0.039,77.217,975.678,78.062,1
-7.879,81.154,1049.633,73.5,1
11.491,64.937,955.461,85.915,0
4.46,84.669,988.062,68.885,1
-3.727,70.692,982.468,83.636,1
15.291,53.277,1001.262,39.699,0
14.758,54.913,1012.351,74.956,0
17.582,55.095,1035.455,15.195,0
16.592,71.46,1043.257,69.879,0
-1.48,90.931,973.754,70.283,1
14.234,52.546,1040.883,56.711,0
14.21,66.121,982.617,43.104,0
10.907,55.679,957.054,41.233,0
10.74,30.466,996.941,55.748,0
9.029,45.213,984.328,44.122,0
8.461,89.299,1019.608,46.559,0
11.838,49.616,979.088,74.358,0
1.476,84.672,971.568,91.261,1
2.325,73.083,1030.184,55.844,0
-4.04,82.311,1044.461,90.858,1
16.095,46.228,953.992,70.402,0
12.77,58.709,968.43,29.884,0
10.785,81.765,958.497,53.619,0
-2.08,84.444,1030.567,95.986,1
-1.807,85.184,985.162,72.309,1
14.557,49.245,1022.812,40.019,0
-4.407,98.556,1020.678,79.855,1
3.266,74.735,1019.504,83.556,1
-1.797,86.941,1049.487,84.724,1
8.287,70.184,983.444,47.625,0
-0.435,81.764,960.986,45.271,0
18.775,63.436,998.35,10.628,0
15.678,60.282,997.51,50.024,0
0.256,87.239,1043.661,84.477,1
-0.165,87.544,954.011,77.919,1
-0.961,96.266,1033.812,84.677,1
-1.859,97.785,1004.953,85.886,1
-0.129,47.577,1040.993,42.324,0
-0.459,100.0,984.125,87.083,1
11.62,70.431,985.698,73.89,0
7.943,50.509,962.612,52.37,0
12.127,43.326,1043.287,58.818,0
-3.408,85.485,1020.906,82.132,1
12.098,37.808,960.662,56.483,0
-1.373,76.396,972.845,77.751,1
-4.957,72.485,1026.029,75.93,1
8.852,40.855,1034.504,57.77,0
1.097,95.536,1013.315,62.309,1
-0.169,80.377,1039.419,94.525,1
12.268,58.449,1012.338,69.806,0
8.847,30.0,1031.438,51.929,0
16.286,90.0,1023.793,57.903,0
7.744,79.193,980.278,29.068,0
7.493,57.746,977.557,34.553,0
-10.0,100.0,1033.986,76.721,1
-0.421,67.584,1024.157,46.53,0
-1.078,91.815,960.411,57.038,1
-1.003,84.047,965.202,98.043,1
-1.249,100.0,1019.263,82.537,1
6.335,40.949,1026.875,51.96,0
9.419,63.789,1026.217,40.875,0
6.238,61.093,986.34,57.546,0
19.521,39.513,1026.352,43.195,0
3.414,42.855,1025.142,47.065,0
3.061,82.79,1015.935,69.128,1
-5.961,84.457,994.375,78.941,1
-5.711,70.0,1017.26,75.347,1
12.43,64.845,1005.974,46.016,0
7.378,90.0,1009.781,43.199,0
8.057,42.392,1046.982,43.708,0
4.262,42.885,1013.474,50.29,0
-4.155,78.623,958.912,76.46,1
-1.358,92.09,1004.796,89.217,1
-5.643,99.534,956.014,78.372,1
-0.58,82.597,1004.449,86.559,1
-6.206,98.454,1043.388,81.429,1
8.662,66.867,970.179,71.213,0
12.541,89.588,1046.583,62.922,0
-1.446,70.0,1017.343,99.583,1
9.136,45.073,956.875,69.321,0
-1.539,72.489,957.32,88.624,1
29.631,39.21,970.579,53.77,0
-3.156,91.207,959.571,74.172,1
0.549,72.233,1021.76,75.498,1
-6.783,88.687,952.581,65.76,1
2.208,100.0,995.22,68.061,1
-0.553,89.894,993.558,91.338,1
1.249,77.957,987.979,73.585,1
-7.11,87.438,963.071,73.506,1
-3.425,86.868,1006.731,84.764,1
-4.245,87.79,956.135,78.091,1
6.323,57.278,1016.474,23.065,0
6.453,36.482,982.788,51.395,0
21.408,78.273,1047.662,70.677,0
6.939,65.272,951.603,63.924,0
13.88,72.302,1044.133,65.901,0
-3.51,95.942,1046.512,74.573,1
9.679,66.273,985.165,42.738,0
-1.984,85.287,1046.312,75.708,1
3.653,55.538,1033.747,67.724,0
7.222,69.608,1042.054,37.904,0
7.684,30.0,1010.058,26.062,0
12.187,56.659,971.877,47.792,0
-1.754,84.431,950.756,82.133,1
11.074,80.768,1031.181,58.888,0
12.127,81.789,1025.619,74.537,0
5.186,59.265,969.756,37.315,0
9.528,90.0,981.553,29.899,0
6.615,64.614,1024.237,85.882,0
7.323,49.876,1009.743,47.137,0
6.967,54.599,952.101,76.222,0
15.795,70.306,1005.817,63.032,0
-0.975,90.839,1014.097,76.802,1
15.934,64.16,969.268,47.444,0
5.758,43.87,1045.545,62.474,0
-6.29,100.0,977.481,76.963,1
11.807,48.137,998.202,59.54,0
-2.098,93.725,969.462,73.996,1
-5.112,100.0,1001.222,91.941,1
-1.819,87.8,1008.535,85.609,1
5.768,30.0,1026.975,60.033,0
-1.863,89.083,1030.303,86.354,1
1.844,65.462,963.035,28.999,0
11.077,58.865,966.169,66.587,0
8.817,54.355,992.711,57.437,0
0.878,77.691,1031.745,85.577,1
8.11,79.553,984.303,55.267,0
10.363,36.858,1007.567,62.407,0
-3.955,70.0,1003.916,67.607,1
18.513,79.68,973.982,85.155,0
7.355,62.35,975.217,52.08,0
-2.931,93.896,982.433,91.254,1
14.38,90.0,1012.321,60.842,0
0.135,81.922,1014.083,84.259,1
6.099,69.046,1023.855,45.583,0
10.387,89.027,1034.755,2.349,0
-1.032,79.478,958.764,77.768,1
-0.669,76.416,972.808,71.776,1
-2.442,82.461,969.202,54.61,0
13.79,47.519,975.706,69.089,0
10.49,40.611,992.377,59.994,0
2.758,88.802,1010.709,94.227,1
0.617,79.824,1036.806,84.982,1
-4.277,91.819,984.61,89.873,1
-3.416,86.709,956.027,63.924,1
14.69,39.779,1046.671,26.009,0
6.466,47.641,1010.079,59.487,0
-6.546,93.406,987.589,53.958,1
-6.222,100.0,1012.359,85.918,1
7.213,30.0,969.013,46.677,0
11.261,75.959,1006.896,49.419,0
13.606,48.604,1020.967,50.292,0
13.678,75.19,1008.331,62.121,0
13.562,72.592,1021.768,29.392,0
13.753,30.0,987.208,42.756,0
-0.636,57.261,1026.04,42.481,0
10.718,54.057,1007.761,53.493,0
7.722,80.193,986.326,49.432,0
1.344,56.46,990.642,65.94,0
17.385,44.604,1012.767,39.992,0
15.294,62.521,998.056,43.396,0
13.407,39.668,1014.28,49.482,0
10.702,79.97,961.797,24.73,0
-3.505,87.482,989.108,77.851,1
-0.485,78.752,968.144,82.097,1
1.726,44.841,961.938,65.441,0
-0.03,83.556,1043.095,76.304,1
9.416,42.272,987.705,49.878,0
-5.663,85.474,1021.92,80.769,1
16.234,59.964,953.981,51.018,0
-4.669,97.461,1047.717,58.643,1
14.983,62.183,990.188,48.786,0
2.666,61.098,1043.818,45.219,0
6.986,59.475,980.097,53.578,0
17.475,71.163,1037.984,44.365,0
7.91,72.87,1000.195,51.149,0
12.759,30.0,1003.247,39.381,0
-6.391,79.9,957.35,96.156,1
7.304,57.945,1030.827,62.566,0
-4.378,70.0,968.115,98.005,1
7.451,32.525,1026.221,59.892,0
7.344,42.7,969.669,59.56,0
16.319,74.667,1023.125,30.95,0
3.894,91.427,1045.958,71.012,1
9.205,86.945,988.162,61.577,0
4.989,59.03,1017.662,49.227,0
-0.455,72.196,952.564,91.889,1
-5.961,95.667,1010.625,100.0,1
16.003,90.0,1033.416,48.862,0
2.062,86.467,964.637,93.728,1
8.557,65.201,1023.713,42.973,0
10.207,66.323,1014.868,70.267,0
-2.71,86.503,951.823,76.92,1
-2.702,78.494,953.159,61.248,1
18.675,32.399,997.477,70.263,0
17.891,66.663,984.185,56.145,0
18.909,57.628,1038.434,37.279,0
8.563,90.0,1038.448,72.066,0
0.651,51.273,1011.719,71.41,0
17.814,83.848,967.909,67.19,0
16.629,46.848,1021.925,31.04,0
11.35,56.72,974.235,43.897,0
-1.985,80.557,983.7,79.736,1
0.91,76.026,1007.091,40.88,0
3.014,33.785,1002.759,20.759,0
10.971,45.304,963.227,70.835,0
-5.203,71.401,981.182,100.0,1
7.719,50.584,962.385,62.134,0
1.171,82.97,1022.717,82.871,1
-2.04,84.339,1015.871,77.889,1
11.608,60.775,973.661,57.19,0
13.698,45.782,957.972,37.647,0
-0.927,79.773,1011.949,87.251,1
-4.758,74.879,995.474,60.207,1
-0.873,85.481,971.921,88.968,1
8.05,70.971,1003.836,53.603,0
-4.191,86.958,978.487,77.355,1
0.645,85.269,1039.512,69.142,1
3.989,58.303,1005.281,60.284,0
4.569,84.836,1029.003,95.805,1
-1.157,84.298,1048.779,73.823,1
1.538,80.536,955.816,70.436,1
5.877,85.436,1002.505,74.065,0
-0.524,90.073,998.706,81.847,1
11.461,67.589,981.61,41.516,0
-4.627,79.288,954.167,75.356,1
0.441,72.1,963.965,100.0,1
-5.319,93.711,977.683,89.695,1
-8.906,78.189,997.602,75.792,1
14.777,58.531,1044.099,67.764,0
-1.701,85.557,1048.663,61.989,1
5.477,47.805,997.163,18.883,0
9.597,67.98,1038.819,40.796,0
9.303,88.467,1010.321,54.018,0
11.145,81.433,970.399,60.965,0
0.438,97.012,1041.236,73.538,1
9.352,65.042,1047.007,37.214,0
-7.175,79.232,958.011,99.012,1
3.597,85.139,1036.89,82.691,1
0.215,93.357,969.954,69.096,1
-1.768,82.528,956.665,86.663,1
-4.425,96.884,980.468,69.849,1
-2.218,81.252,950.576,81.947,1
15.986,59.463,1042.265,59.296,0
-4.318,86.142,1045.552,72.076,1
12.765,50.426,961.921,37.608,0
-4.031,96.678,1048.765,79.668,1
4.228,77.891,1038.524,44.215,0
-2.964,75.016,1029.545,77.371,1
10.295,90.0,998.979,59.414,0
3.323,39.413,982.207,47.446,0
9.532,78.312,1045.312,47.748,0
-4.079,95.532,1049.126,86.012,1
10.467,69.974,1009.731,35.378,0
0.754,71.483,1005.023,74.91,1
3.564,85.681,1043.017,57.293,0
-1.894,98.292,998.785,66.697,1
-4.379,96.173,971.52,85.844,1
-0.762,44.361,1027.449,50.471,0
14.278,49.213,1020.087,42.887,0
9.447,71.743,1011.662,73.017,0
-1.608,100.0,992.374,71.807,1
-0.318,95.49,996.349,85.162,1
0.361,79.531,1017.651,79.707,1
2.417,56.36,984.259,68.923,0
15.192,67.131,955.283,61.088,0
-3.798,81.067,963.517,77.333,1
4.349,46.132,989.364,59.684,0
-0.27,80.477,1039.208,92.358,1
12.862,76.23,978.192,31.711,0
11.022,61.846,951.2,51.135,0
-0.788,100.0,966.762,80.064,1
14.167,54.886,983.479,6.286,0
-3.731,96.087,1036.201,100.0,1
-2.415,100.0,960.457,72.478,1
13.476,33.204,950.735,57.317,0
11.157,69.971,1048.812,55.125,0
5.814,83.859,1038.747,41.91,0
-2.659,88.385,994.531,90.325,1
-4.813,91.06,997.918,87.543,1
0.468,78.482,1005.536,78.687,1
8.336,48.649,958.54,57.965,0
9.843,41.895,957.786,41.504,0
0.058,88.772,960.105,75.479,1
-3.591,84.178,1003.531,81.059,1
-1.328,87.859,1041.939,80.209,1
0.906,80.223,963.087,77.908,1
-3.691,82.86,973.464,85.471,1
8.346,78.438,1029.8,66.789,0
7.259,52.209,956.904,39.812,0
-1.304,89.925,1034.203,80.196,1
9.533,30.0,1047.246,17.327,0
-2.344,72.204,1018.112,92.389,1
-7.74,75.924,1031.483,80.213,1
-1.937,70.144,1015.088,70.979,1
7.369,47.757,958.976,59.785,0
3.629,81.407,1032.248,81.518,1
-1.969,94.726,995.177,81.936,1
0.466,82.45,960.659,70.943,1
0.453,47.485,1018.311,42.226,0
10.398,30.0,978.183,44.971,0
5.554,67.834,1029.394,85.826,0
6.352,71.732,995.565,53.412,0
-4.269,84.964,953.843,83.477,1
5.608,45.37,1043.992,60.936,0
12.975,81.278,1040.943,38.76,0
6.221,55.738,1035.205,34.734,0
0.597,85.261,1002.516,75.084,1
4.476,66.425,981.37,57.848,0
12.28,49.079,953.443,65.601,0
6.961,70.184,1012.543,55.796,0
3.158,60.784,1005.066,27.541,0
-6.545,89.443,986.646,76.115,1
11.126,63.365,957.49,57.965,0
5.2,52.272,982.784,61.951,0
-2.747,70.0,1028.502,84.043,1
7.148,61.979,953.927,46.156,0
12.866,85.146,974.696,53.142,0
-1.006,88.945,998.667,81.599,1
2.935,80.538,995.945,84.367,1
7.056,55.734,1041.765,26.826,0
9.505,45.151,1017.64,43.272,0
5.089,41.414,1010.247,36.883,0
4.366,75.241,954.341,79.744,1
-2.677,90.434,1023.159,85.087,1
0.441,86.966,1004.001,88.179,1
-5.594,89.477,1030.154,81.044,1
-4.924,79.263,1018.953,83.771,1
-1.403,77.729,1023.687,83.905,1
24.342,67.819,958.322,31.482,0
0.569,96.593,1019.547,89.475,1
-1.549,100.0,1047.561,79.24,1
13.799,69.062,983.243,34.783,0
1.833,100.0,1015.02,84.879,1
2.44,70.0,1011.393,68.512,1
-3.521,88.824,1042.7,87.182,1
5.716,59.516,983.632,40.195,0
-0.359,97.558,956.942,90.391,1
-4.956,47.926,1024.937,49.252,0
-6.652,70.0,950.494,72.122,1
1.848,53.796,970.406,57.101,0
10.547,30.0,1026.906,46.916,0
-2.704,88.773,1032.888,82.802,1
2.353,71.207,961.637,92.816,1
-1.014,76.502,975.813,87.797,1
-3.661,90.698,1047.587,96.172,1
-2.037,71.555,970.093,77.714,1
-2.946,84.624,1031.299,73.248,1
-0.157,78.236,959.808,65.488,1
-4.728,89.715,962.211,68.732,1
9.772,67.371,1003.456,34.444,0
2.397,70.0,1002.64,82.671,1
9.386,82.953,1031.575,50.228,0
2.614,100.0,1040.903,77.5,1
3.659,77.262,953.667,75.636,1
2.324,92.078,1016.755,75.238,1
6.462,63.88,997.416,66.448,0
-1.778,79.979,1012.39,73.525,1
-3.028,93.696,1011.714,75.262,1
